{
  "hash": "2106b817",
  "configHash": "34411539",
  "lockfileHash": "18b7ce1c",
  "browserHash": "419fcf7f",
  "optimized": {
    "@angular/core": {
      "src": "../../../../../node_modules/@angular/core/fesm2022/core.mjs",
      "file": "@angular_core.js",
      "fileHash": "0741a745",
      "needsInterop": false
    },
    "@angular/forms": {
      "src": "../../../../../node_modules/@angular/forms/fesm2022/forms.mjs",
      "file": "@angular_forms.js",
      "fileHash": "0a034b78",
      "needsInterop": false
    },
    "@angular/platform-browser": {
      "src": "../../../../../node_modules/@angular/platform-browser/fesm2022/platform-browser.mjs",
      "file": "@angular_platform-browser.js",
      "fileHash": "00004574",
      "needsInterop": false
    },
    "@angular/router": {
      "src": "../../../../../node_modules/@angular/router/fesm2022/router.mjs",
      "file": "@angular_router.js",
      "fileHash": "8ae2855e",
      "needsInterop": false
    },
    "@ngrx/store": {
      "src": "../../../../../node_modules/@ngrx/store/fesm2022/ngrx-store.mjs",
      "file": "@ngrx_store.js",
      "fileHash": "7daa7d35",
      "needsInterop": false
    },
    "@ngrx/store-devtools": {
      "src": "../../../../../node_modules/@ngrx/store-devtools/fesm2022/ngrx-store-devtools.mjs",
      "file": "@ngrx_store-devtools.js",
      "fileHash": "96692c07",
      "needsInterop": false
    },
    "@angular/common": {
      "src": "../../../../../node_modules/@angular/common/fesm2022/common.mjs",
      "file": "@angular_common.js",
      "fileHash": "f30f7ba9",
      "needsInterop": false
    }
  },
  "chunks": {
    "chunk-MHAK6UAP": {
      "file": "chunk-MHAK6UAP.js"
    },
    "chunk-SVGUQNQ6": {
      "file": "chunk-SVGUQNQ6.js"
    },
    "chunk-RHM6X7EN": {
      "file": "chunk-RHM6X7EN.js"
    },
    "chunk-RB3YCWQP": {
      "file": "chunk-RB3YCWQP.js"
    }
  }
}